Id,Name,Email,CreatedDate,IsActive,CountryCode
70eec59a-7a7f-4ce9-ba01-00001139f187,Davide Al-Khalil,davide.al-khalil@mail.com,2024-09-06T21:51:51.000Z,true,BR
604b0759-8d55-479c-8f5e-00001e10d2f1,Ibrahim Gray,ibrahim.gray@mail.com,2025-01-10T21:46:37.000Z,true,EC
5162110b-88fe-4e29-8ef0-000031feab6c,Marie Adeyinka,marie.adeyinka@mail.com,2025-05-12T16:43:30.000Z,true,PL
180267c9-3be0-4e54-aede-0000417511d7,Bisi Bertrand,bisi.bertrand@mail.com,2025-04-14T15:01:23.000Z,true,ES
1ee90c7f-6ae8-461b-ae2a-00004ac78b26,Aaron Maharaj,aaron.maharaj@mail.com,2024-12-30T19:18:29.000Z,true,UY
f9b9f5e1-7c9c-4f1e-8e4a-00005b6e2d3c,Elena Rodriguez,elena.rodriguez@mail.com,2024-11-20T10:30:00.000Z,false,MX
a1c8d7b3-2e6f-4a9b-8d1c-00006c7d4f5a,Kenji Tanaka,kenji.tanaka@mail.com,2025-02-28T09:00:15.000Z,true,JP
b3d9e8c4-5f1a-4b7c-9e2d-00007d8e6a7b,Fatima Al-Sayed,fatima.al-sayed@mail.com,2024-10-15T14:22:45.000Z,false,AE
8a3d1b9c-7f2d-4e8a-b123-00008e9f0a1b,Liam Smith,liam.smith@mail.com,2024-03-15T10:22:05.123Z,true,US
c4e5f6a7-8b9c-4d2e-a345-00009f0a1b2c,Olivia Johnson,olivia.johnson@mail.com,2023-11-20T18:45:10.456Z,true,CA
d1b2c3a4-e5f6-4a7b-b8c9-00010a1b2c3d,Noah Williams,noah.williams@mail.com,2025-01-05T09:30:00.000Z,false,GB
f6a7b8c9-d2e3-4f5a-a1b2-00011b2c3d4e,Emma Brown,emma.brown@mail.com,2024-07-22T05:15:45.789Z,true,AU
a4b5c6d7-e8f9-4a0b-b1c2-00012c3d4e5f,Oliver Jones,oliver.jones@mail.com,2023-05-30T23:59:59.999Z,true,DE
e9f0a1b2-c3d4-4e5f-a6b7-00013d4e5f6a,Ava Garcia,ava.garcia@mail.com,2024-09-01T12:00:00.000Z,false,MX
b8c9d0e1-f2a3-4b4c-a5d6-00014e5f6a7b,Elijah Miller,elijah.miller@mail.com,2025-02-18T14:20:30.123Z,true,FR
d7e8f9a0-b1c2-4d3e-a4b5-00015f6a7b8c,Charlotte Davis,charlotte.davis@mail.com,2024-10-11T08:05:12.345Z,true,ES
c2d3e4f5-a6b7-4c8d-a9b0-00016a7b8c9d,William Rodriguez,william.rodriguez@mail.com,2023-12-25T20:00:00.000Z,true,IT
a0b1c2d3-e4f5-4a6b-b7c8-00017b8c9d0e,Sophia Martinez,sophia.martinez@mail.com,2024-06-19T11:11:11.111Z,false,BR
f5a6b7c8-d9e0-4f1a-b2c3-00018c9d0e1f,James Hernandez,james.hernandez@mail.com,2024-02-29T06:30:15.555Z,true,AR
b4c5d6e7-f8a9-4b0c-b1d2-00019d0e1f2a,Amelia Lopez,amelia.lopez@mail.com,2023-08-14T16:50:25.321Z,true,CO
d3e4f5a6-b7c8-4d9e-a0b1-00020e1f2a3b,Benjamin Gonzalez,benjamin.gonzalez@mail.com,2025-04-01T01:01:01.001Z,true,CL
a2b3c4d5-e6f7-4a8b-b9c0-00021f2a3b4c,Isabella Wilson,isabella.wilson@mail.com,2024-11-02T13:23:45.678Z,false,PE
c8d9e0f1-a2b3-4c4d-a5b6-00022a3b4c5d,Lucas Anderson,lucas.anderson@mail.com,2023-10-31T22:10:00.000Z,true,SE
a7b8c9d0-e1f2-4a3b-b4c5-00023b4c5d6e,Mia Thomas,mia.thomas@mail.com,2024-05-15T19:18:27.987Z,true,NL
f1a2b3c4-d5e6-4f7a-a8b9-00024c5d6e7f,Henry Taylor,henry.taylor@mail.com,2025-03-10T07:45:50.123Z,true,CH
b0c1d2e3-f4a5-4b6c-b7d8-00025d6e7f8a,Evelyn Moore,evelyn.moore@mail.com,2024-01-12T15:33:44.234Z,false,AT
dff0e1f2-a3b4-4d5e-a6b7-00026e7f8a9b,Alexander Jackson,alexander.jackson@mail.com,2023-07-04T17:21:03.567Z,true,PT
aebfcfde-d1e2-4a3b-b4c5-00027f8a9b0c,Harper Martin,harper.martin@mail.com,2024-08-28T02:02:02.222Z,true,BE
c9d0e1f2-a3b4-4c5d-a6b7-00028a9b0c1d,Michael Lee,michael.lee@mail.com,2025-05-20T10:10:10.010Z,true,KR
b6c7d8e9-f0a1-4b2c-b3d4-00029b0c1d2e,Abigail Perez,abigail.perez@mail.com,2023-09-16T21:47:35.842Z,false,JP
d5e6f7a8-b9c0-4d1e-a2b3-00030c1d2e3f,Ethan Thompson,ethan.thompson@mail.com,2024-12-08T03:55:00.333Z,true,IN
a4b5c6d7-e8f9-4a0b-b1c2-00031d2e3f4a,Emily White,emily.white@mail.com,2024-04-25T14:29:19.491Z,true,CN
c3d4e5f6-a7b8-4c9d-a0b1-00032e3f4a5b,Daniel Harris,daniel.harris@mail.com,2023-06-07T00:00:00.000Z,true,RU
a2b3c4d5-e6f7-4a8b-b9c0-00033f4a5b6c,Ella Sanchez,ella.sanchez@mail.com,2025-02-02T02:22:22.222Z,false,ZA
f7a8b9c0-d1e2-4f3a-a4b5-00034a5b6c7d,Matthew Clark,matthew.clark@mail.com,2024-10-03T18:38:08.808Z,true,NG
b6c7d8e9-f0a1-4b2c-b3d4-00035b6c7d8e,Scarlett Ramirez,scarlett.ramirez@mail.com,2023-11-27T09:12:43.132Z,true,EG
e5f6a7b8-c9d0-4e1f-a2b3-00036c7d8e9f,Aiden Lewis,aiden.lewis@mail.com,2024-07-11T23:45:01.910Z,true,TR
a4b5c6d7-e8f9-4a0b-b1c2-00037d8e9f0a,Grace Robinson,grace.robinson@mail.com,2025-01-23T16:09:54.456Z,false,SA
c3d4e5f6-a7b8-4c9d-a0b1-00038e9f0a1b,David Walker,david.walker@mail.com,2024-02-14T10:00:00.000Z,true,PL
b2c3d4e5-f6a7-4b8c-b9d0-00039f0a1b2c,Chloe Young,chloe.young@mail.com,2023-08-01T20:21:22.321Z,true,UY
e1f2a3b4-c5d6-4e7f-a8b9-00040a1b2c3d,Joseph Allen,joseph.allen@mail.com,2024-09-29T04:14:14.414Z,true,VE
a0b1c2d3-e4f5-4a6b-b7c8-00041b2c3d4e,Victoria King,victoria.king@mail.com,2025-03-22T13:13:13.313Z,false,PK
d9e0f1a2-b3c4-4d5e-a6b7-00042c3d4e5f,Samuel Wright,samuel.wright@mail.com,2023-10-09T08:24:36.789Z,true,BD
b8c9d0e1-f2a3-4b4c-a5d6-00043d4e5f6a,Riley Scott,riley.scott@mail.com,2024-06-06T06:06:06.606Z,true,ID
d7e8f9a0-b1c2-4d3e-a4b5-00044e5f6a7b,John Torres,john.torres@mail.com,2024-11-18T11:55:43.210Z,true,PH
c6d7e8f9-a0b1-4c2d-a3b4-00045f6a7b8c,Aria Nguyen,aria.nguyen@mail.com,2025-04-12T00:30:45.000Z,false,VN
b5c6d7e8-f9a0-4b1c-b2d3-00046a7b8c9d,Leo Hill,leo.hill@mail.com,2023-12-31T23:59:58.998Z,true,TH
e4f5a6b7-c8d9-4e0f-a1b2-00047b8c9d0e,Zoe Flores,zoe.flores@mail.com,2024-01-01T00:00:01.001Z,true,MY
a3b4c5d6-e7f8-4a9b-b0c1-00048c9d0e1f,Luke Green,luke.green@mail.com,2024-08-08T08:08:08.888Z,true,SG
c2d3e4f5-a6b7-4c8d-a9b0-00049d0e1f2a,Lily Adams,lily.adams@mail.com,2025-02-28T14:59:01.345Z,false,HK
a1b2c3d4-e5f6-4a7b-b8c9-00050e1f2a3b,Jack Nelson,jack.nelson@mail.com,2023-07-26T12:34:56.789Z,true,NZ
f0a1b2c3-d4e5-4f6a-b7c8-00051f2a3b4c,Luna Baker,luna.baker@mail.com,2024-03-08T17:00:29.123Z,true,IE
b9c0d1e2-f3a4-4b5c-b6d7-00052a3b4c5d,Owen Hall,owen.hall@mail.com,2024-10-26T05:25:35.456Z,true,DK
d8e9f0a1-b2c3-4d4e-a5b6-00053b4c5d6e,Layla Campbell,layla.campbell@mail.com,2025-01-19T22:40:15.789Z,false,FI
a7b8c9d0-e1f2-4a3b-b4c5-00054c5d6e7f,Aarav Patel,aarav.patel@mail.com,2023-11-11T11:11:11.111Z,true,IN
c6d7e8f9-a0b1-4c2d-a3b4-00055d6e7f8a,Mei Chen,mei.chen@mail.com,2024-05-01T09:09:09.999Z,true,CN
b5c6d7e8-f9a0-4b1c-b2d3-00056e7f8a9b,Kenji Kim,kenji.kim@mail.com,2024-09-15T14:41:00.000Z,true,KR
e4f5a6b7-c8d9-4e0f-a1b2-00057f8a9b0c,Fatima Singh,fatima.singh@mail.com,2025-04-30T18:18:18.181Z,false,AE
a3b4c5d6-e7f8-4a9b-b0c1-00058a9b0c1d,Ibrahim Russo,ibrahim.russo@mail.com,2023-06-21T07:37:47.470Z,true,IT
f2a3b4c5-d6e7-4f8a-b9c0-00059b0c1d2e,Bisi Walker,bisi.walker@mail.com,2024-12-12T12:12:12.121Z,true,NG
b1c2d3e4-f5a6-4b7c-b8d9-00060c1d2e3f,Davide Young,davide.young@mail.com,2024-08-20T20:08:24.321Z,true,GB
d0e1f2a3-b4c5-4d6e-a7b8-00061d2e3f4a,Marie Allen,marie.allen@mail.com,2025-05-05T05:05:05.555Z,false,FR
a9b0c1d2-e3f4-4a5b-b6c7-00062e3f4a5b,Elena King,elena.king@mail.com,2023-10-10T10:10:10.101Z,true,ES
c8d9e0f1-a2b3-4c4d-a5b6-00063f4a5b6c,Santiago Wright,santiago.wright@mail.com,2024-04-04T04:04:04.444Z,true,MX
b7c8d9e0-f1a2-4b3c-b4d5-00064a5b6c7d,Sofia Scott,sofia.scott@mail.com,2024-11-23T15:23:45.678Z,true,AR
d6e7f8a9-b0c1-4d2e-a3b4-00065b6c7d8e,Mateo Torres,mateo.torres@mail.com,2025-03-03T03:03:03.333Z,false,CO
a5b6c7d8-e9f0-4a1b-b2c3-00066c7d8e9f,Valentina Nguyen,valentina.nguyen@mail.com,2023-09-09T09:09:09.999Z,true,VE
c4d5e6f7-a8b9-4c0d-a1b2-00067d8e9f0a,Sebastian Hill,sebastian.hill@mail.com,2024-07-07T07:07:07.777Z,true,CL
b3c4d5e6-f7a8-4b9c-b0d1-00068e9f0a1b,Camila Flores,camila.flores@mail.com,2024-02-20T20:20:20.202Z,true,PE
d2e3f4a5-b6c7-4d8e-a9b0-00069f0a1b2c,Liam Garcia,liam.garcia@mail.com,2025-01-01T12:00:00.000Z,false,US
a1b2c3d4-e5f6-4a7b-b8c9-00070a1b2c3d,Olivia Martinez,olivia.martinez@mail.com,2023-11-15T18:30:15.123Z,true,CA
f0a1b2c3-d4e5-4f6a-b7c8-00071b2c3d4e,Noah Hernandez,noah.hernandez@mail.com,2024-06-24T05:45:30.456Z,true,GB
b9c0d1e2-f3a4-4b5c-b6d7-00072c3d4e5f,Emma Lopez,emma.lopez@mail.com,2025-02-14T23:50:00.789Z,false,AU
d8e9f0a1-b2c3-4d4e-a5b6-00073d4e5f6a,Oliver Gonzalez,oliver.gonzalez@mail.com,2023-08-19T09:20:45.999Z,true,DE
a7b8c9d0-e1f2-4a3b-b4c5-00074e5f6a7b,Ava Wilson,ava.wilson@mail.com,2024-10-01T14:15:00.000Z,true,MX
c6d7e8f9-a0b1-4c2d-a3b4-00075f6a7b8c,Elijah Anderson,elijah.anderson@mail.com,2024-01-28T16:25:35.123Z,false,FR
b5c6d7e8-f9a0-4b1c-b2d3-00076a7b8c9d,Charlotte Thomas,charlotte.thomas@mail.com,2023-12-13T06:10:20.345Z,true,ES
e4f5a6b7-c8d9-4e0f-a1b2-00077b8c9d0e,William Taylor,william.taylor@mail.com,2024-09-25T21:05:05.555Z,true,IT
a3b4c5d6-e7f8-4a9b-b0c1-00078c9d0e1f,Sophia Moore,sophia.moore@mail.com,2025-04-18T12:12:12.111Z,false,BR
f2a3b4c5-d6e7-4f8a-b9c0-00079d0e1f2a,James Jackson,james.jackson@mail.com,2024-03-17T08:40:50.555Z,true,AR
b1c2d3e4-f5a6-4b7c-b8d9-00080e1f2a3b,Amelia Martin,amelia.martin@mail.com,2023-10-24T17:55:30.321Z,true,CO
d0e1f2a3-b4c5-4d6e-a7b8-00081f2a3b4c,Benjamin Lee,benjamin.lee@mail.com,2025-05-11T02:02:02.001Z,false,CL
a9b0c1d2-e3f4-4a5b-b6c7-00082a3b4c5d,Isabella Perez,isabella.perez@mail.com,2024-11-12T14:24:46.678Z,true,PE
c8d9e0f1-a2b3-4c4d-a5b6-00083b4c5d6e,Lucas Thompson,lucas.thompson@mail.com,2023-06-01T23:15:00.000Z,true,SE
b7c8d9e0-f1a2-4b3c-b4d5-00084c5d6e7f,Mia White,mia.white@mail.com,2024-08-15T20:19:28.987Z,false,NL
d6e7f8a9-b0c1-4d2e-a3b4-00085d6e7f8a,Henry Harris,henry.harris@mail.com,2025-03-01T06:50:55.123Z,true,CH
a5b6c7d8-e9f0-4a1b-b2c3-00086e7f8a9b,Evelyn Sanchez,evelyn.sanchez@mail.com,2024-02-11T16:34:45.234Z,true,AT
c4d5e6f7-a8b9-4c0d-a1b2-00087f8a9b0c,Alexander Clark,alexander.clark@mail.com,2023-07-28T18:22:04.567Z,false,PT
b3c4d5e6-f7a8-4b9c-b0d1-00088a9b0c1d,Harper Ramirez,harper.ramirez@mail.com,2024-09-18T03:03:03.222Z,true,BE
d2e3f4a5-b6c7-4d8e-a9b0-00089b0c1d2e,Michael Lewis,michael.lewis@mail.com,2025-05-25T11:11:11.010Z,true,KR
a1b2c3d4-e5f6-4a7b-b8c9-00090c1d2e3f,Abigail Robinson,abigail.robinson@mail.com,2023-09-26T22:48:36.842Z,false,JP
f0a1b2c3-d4e5-4f6a-b7c8-00091d2e3f4a,Ethan Walker,ethan.walker@mail.com,2024-12-18T04:56:01.333Z,true,IN
b9c0d1e2-f3a4-4b5c-b6d7-00092e3f4a5b,Emily Young,emily.young@mail.com,2024-04-15T15:30:20.491Z,true,CN
d8e9f0a1-b2c3-4d4e-a5b6-00093f4a5b6c,Daniel Allen,daniel.allen@mail.com,2023-06-27T01:01:01.000Z,false,RU
a7b8c9d0-e1f2-4a3b-b4c5-00094a5b6c7d,Ella King,ella.king@mail.com,2025-02-12T03:23:23.222Z,true,ZA
c6d7e8f9-a0b1-4c2d-a3b4-00095b6c7d8e,Matthew Wright,matthew.wright@mail.com,2024-10-13T19:39:09.808Z,true,NG
b5c6d7e8-f9a0-4b1c-b2d3-00096c7d8e9f,Scarlett Scott,scarlett.scott@mail.com,2023-11-17T10:13:44.132Z,false,EG
e4f5a6b7-c8d9-4e0f-a1b2-00097d8e9f0a,Aiden Torres,aiden.torres@mail.com,2024-07-01T00:46:02.910Z,true,TR
a3b4c5d6-e7f8-4a9b-b0c1-00098e9f0a1b,Grace Nguyen,grace.nguyen@mail.com,2025-01-13T17:10:55.456Z,true,SA
f2a3b4c5-d6e7-4f8a-b9c0-00099f0a1b2c,David Hill,david.hill@mail.com,2024-02-04T11:01:01.000Z,false,PL
b1c2d3e4-f5a6-4b7c-b8d9-00100a1b2c3d,Chloe Flores,chloe.flores@mail.com,2023-08-31T21:22:23.321Z,true,UY
d0e1f2a3-b4c5-4d6e-a7b8-00101b2c3d4e,Joseph Green,joseph.green@mail.com,2024-09-19T05:15:15.414Z,true,VE
a9b0c1d2-e3f4-4a5b-b6c7-00102c3d4e5f,Victoria Adams,victoria.adams@mail.com,2025-03-12T14:14:14.313Z,false,PK
c8d9e0f1-a2b3-4c4d-a5b6-00103d4e5f6a,Samuel Nelson,samuel.nelson@mail.com,2023-10-19T09:25:37.789Z,true,BD
b7c8d9e0-f1a2-4b3c-b4d5-00104e5f6a7b,Riley Baker,riley.baker@mail.com,2024-06-16T07:07:07.606Z,true,ID
d6e7f8a9-b0c1-4d2e-a3b4-00105f6a7b8c,John Hall,john.hall@mail.com,2024-11-08T12:56:44.210Z,false,PH
a5b6c7d8-e9f0-4a1b-b2c3-00106a7b8c9d,Aria Campbell,aria.campbell@mail.com,2025-04-02T01:31:46.000Z,true,VN
c4d5e6f7-a8b9-4c0d-a1b2-00107b8c9d0e,Leo Patel,leo.patel@mail.com,2023-12-21T00:00:59.998Z,true,TH
b3c4d5e6-f7a8-4b9c-b0d1-00108c9d0e1f,Zoe Chen,zoe.chen@mail.com,2024-01-31T01:01:02.001Z,false,MY
d2e3f4a5-b6c7-4d8e-a9b0-00109d0e1f2a,Luke Kim,luke.kim@mail.com,2024-08-18T09:09:09.888Z,true,SG
a1b2c3d4-e5f6-4a7b-b8c9-00110e1f2a3b,Lily Singh,lily.singh@mail.com,2025-02-18T15:00:02.345Z,true,HK
f0a1b2c3-d4e5-4f6a-b7c8-00111f2a3b4c,Jack Russo,jack.russo@mail.com,2023-07-16T13:35:57.789Z,false,NZ
b9c0d1e2-f3a4-4b5c-b6d7-00112a3b4c5d,Luna Brown,luna.brown@mail.com,2024-03-28T18:01:30.123Z,true,IE
d8e9f0a1-b2c3-4d4e-a5b6-00113b4c5d6e,Owen Davis,owen.davis@mail.com,2024-10-16T06:26:36.456Z,true,DK
a7b8c9d0-e1f2-4a3b-b4c5-00114c5d6e7f,Layla Miller,layla.miller@mail.com,2025-01-09T23:41:16.789Z,false,FI
c6d7e8f9-a0b1-4c2d-a3b4-00115d6e7f8a,Aarav Williams,aarav.williams@mail.com,2023-11-01T12:12:12.111Z,true,IN
b5c6d7e8-f9a0-4b1c-b2d3-00116e7f8a9b,Mei Johnson,mei.johnson@mail.com,2024-05-31T10:10:10.999Z,true,CN
e4f5a6b7-c8d9-4e0f-a1b2-00117f8a9b0c,Kenji Smith,kenji.smith@mail.com,2024-09-05T15:42:01.000Z,false,KR
a3b4c5d6-e7f8-4a9b-b0c1-00118a9b0c1d,Fatima Jones,fatima.jones@mail.com,2025-04-20T19:19:19.181Z,true,AE
f2a3b4c5-d6e7-4f8a-b9c0-00119b0c1d2e,Ibrahim Adeyinka,ibrahim.adeyinka@mail.com,2023-06-11T08:38:48.470Z,true,IT
b1c2d3e4-f5a6-4b7c-b8d9-00120c1d2e3f,Bisi Al-Khalil,bisi.al-khalil@mail.com,2024-12-02T13:13:13.121Z,false,NG
d0e1f2a3-b4c5-4d6e-a7b8-00121d2e3f4a,Davide Gray,davide.gray@mail.com,2024-08-10T21:09:25.321Z,true,GB
a9b0c1d2-e3f4-4a5b-b6c7-00122e3f4a5b,Marie Bertrand,marie.bertrand@mail.com,2025-05-15T06:06:06.555Z,true,FR
c8d9e0f1-a2b3-4c4d-a5b6-00123f4a5b6c,Elena Maharaj,elena.maharaj@mail.com,2023-10-01T11:11:11.101Z,false,ES
b7c8d9e0-f1a2-4b3c-b4d5-00124a5b6c7d,Santiago Al-Sayed,santiago.al-sayed@mail.com,2024-04-24T05:05:05.444Z,true,MX
d6e7f8a9-b0c1-4d2e-a3b4-00125b6c7d8e,Sofia Tanaka,sofia.tanaka@mail.com,2024-11-13T16:24:46.678Z,true,AR
a5b6c7d8-e9f0-4a1b-b2c3-00126c7d8e9f,Mateo Lee,mateo.lee@mail.com,2025-03-23T04:04:04.333Z,false,CO
c4d5e6f7-a8b9-4c0d-a1b2-00127d8e9f0a,Valentina Harris,valentina.harris@mail.com,2023-09-19T10:10:10.999Z,true,VE
b3c4d5e6-f7a8-4b9c-b0d1-00128e9f0a1b,Sebastian Clark,sebastian.clark@mail.com,2024-07-17T08:08:08.777Z,true,CL
d2e3f4a5-b6c7-4d8e-a9b0-00129f0a1b2c,Camila Ramirez,camila.ramirez@mail.com,2024-02-10T21:21:21.202Z,false,PE
a1b2c3d4-e5f6-4a7b-b8c9-00130a1b2c3d,Liam Scott,liam.scott@mail.com,2025-01-31T13:01:01.000Z,true,US